新闻时间,日期,输入洲,输入国家,输入中国地区,病例数,类型
2020/4/21 12:00,2020/4/120,欧洲,俄罗斯,吉林,2,确诊
2020/4/21 12:00,2020/4/120,欧洲,俄罗斯,黑龙江,2,确诊
2020/4/20 12:00,2020/4/19,欧洲,俄罗斯,上海,2,确诊
2020/4/20 12:00,2020/4/19,亚洲,日本,上海,1,确诊
2020/4/20 12:00,2020/4/19,欧洲,英国,广东,1,确诊
2020/4/20 12:00,2020/4/19,欧洲,俄罗斯,黑龙江,4,确诊
2020/4/19 12:00,2020/4/18,北美洲,美国,上海,2,确诊
2020/4/19 12:00,2020/4/18,欧洲,英国,上海,2,确诊
2020/4/19 12:00,2020/4/18,欧洲,俄罗斯,上海,3,确诊
2020/4/19 12:00,2020/4/18,欧洲,俄罗斯,吉林,2,确诊
2020/4/18 12:00,2020/4/17,欧洲,俄罗斯,黑龙江,13,确诊
2020/4/18 12:00,2020/4/17,北美洲,墨西哥,福建,1,确诊
2020/4/18 12:00,2020/4/17,欧洲,法国,天津,3,确诊
2020/4/17 12:00,2020/4/16,大洋洲,澳大利亚,广东,1,确诊
2020/4/17 12:00,2020/4/16,欧洲,俄罗斯,黑龙江,8,确诊
2020/4/17 12:00,2020/4/16,北美洲,美国,福建,1,确诊
2020/4/17 12:00,2020/4/16,欧洲,英国,山东,1,确诊
2020/4/17 12:00,2020/4/16,欧洲,俄罗斯,山西,3,确诊
2020/4/17 12:00,2020/4/16,欧洲,英国,天津,1,确诊
2020/4/16 12:00,2020/4/15,欧洲,俄罗斯,黑龙江,16,确诊
2020/4/16 12:00,2020/4/15,欧洲,俄罗斯,山西,8,确诊
2020/4/16 12:00,2020/4/15,欧洲,英国,上海,3,确诊
2020/4/16 12:00,2020/4/15,欧洲,意大利,上海,1,确诊
2020/4/16 12:00,2020/4/15,欧洲,俄罗斯,上海,2,确诊
2020/4/16 12:00,2020/4/15,欧洲,俄罗斯,内蒙古,3,确诊
2020/4/16 12:00,2020/4/15,不明地区,不明地区,河北,1,确诊
2020/4/15 12:00,2020/4/14,欧洲,俄罗斯,黑龙江,12,确诊
2020/4/15 12:00,2020/4/14,欧洲,意大利,黑龙江,1,确诊
2020/4/15 12:00,2020/4/14,亚洲,日本,黑龙江,1,确诊
2020/4/15 12:00,2020/4/14,北美洲,美国,北京,1,确诊
2020/4/15 12:00,2020/4/14,亚洲,泰国,吉林,1,确诊
2020/4/15 12:00,2020/4/14,欧洲,俄罗斯,吉林,1,确诊
2020/4/15 12:00,2020/4/14,欧洲,俄罗斯,上海,4,确诊
2020/4/15 12:00,2020/4/14,不明地区,不明地区,山西,13,确诊
2020/4/15 12:00,2020/4/14,欧洲,俄罗斯,浙江,1,确诊
2020/4/15 12:00,2020/4/14,欧洲,俄罗斯,内蒙古,1,确诊
2020/4/14 12:00,2020/4/13,欧洲,俄罗斯,黑龙江,79,确诊
2020/4/14 12:00,2020/4/13,北美洲,美国,广东,2,确诊
2020/4/14 12:00,2020/4/13,欧洲,英国,广东,1,确诊
2020/4/14 12:00,2020/4/13,亚洲,柬埔寨,广东,2,确诊
2020/4/14 12:00,2020/4/13,南美洲,巴西,广东,1,确诊
2020/4/14 12:00,2020/4/13,北美洲,墨西哥,福建,1,确诊
2020/4/13 12:00,2020/4/12,欧洲,俄罗斯,黑龙江,49,确诊
2020/4/13 12:00,2020/4/12,欧洲,俄罗斯,上海,9,确诊
2020/4/13 12:00,2020/4/12,北美洲,美国,上海,1,确诊
2020/4/13 12:00,2020/4/12,欧洲,英国,上海,1,确诊
2020/4/13 12:00,2020/4/12,欧洲,俄罗斯,内蒙古,34,确诊
2020/4/13 12:00,2020/4/12,欧洲,俄罗斯,山东,1,确诊
2020/4/13 12:00,2020/4/12,欧洲,俄罗斯,吉林,1,确诊
2020/4/13 12:00,2020/4/12,欧洲,法国,天津,1,确诊
2020/4/13 12:00,2020/4/12,欧洲,俄罗斯,山西,1,确诊
2020/4/12 12:00,2020/4/11,欧洲,俄罗斯,上海,51,确诊
2020/4/12 12:00,2020/4/11,北美洲,加拿大,上海,1,确诊
2020/4/12 12:00,2020/4/11,欧洲,俄罗斯,黑龙江,21,确诊
2020/4/12 12:00,2020/4/11,亚洲,柬埔寨,广东,2,确诊
2020/4/12 12:00,2020/4/11,欧洲,英国,广东,1,确诊
2020/4/12 12:00,2020/4/11,欧洲,俄罗斯,广东,1,确诊
2020/4/12 12:00,2020/4/11,亚洲,马来西亚,福建,1,确诊
2020/4/12 12:00,2020/4/11,欧洲,俄罗斯,内蒙古,17,确诊
2020/4/12 12:00,2020/4/11,欧洲,英国,江苏,1,确诊
2020/4/12 12:00,2020/4/11,亚洲,泰国,吉林,1,确诊
2020/4/11 12:00,2020/4/10,欧洲,俄罗斯,山西,4,确诊
2020/4/11 12:00,2020/4/10,亚洲,泰国,北京,1,确诊
2020/4/11 12:00,2020/4/10,欧洲,俄罗斯,黑龙江,22,确诊
2020/4/11 12:00,2020/4/10,欧洲,英国,江苏,1,确诊
2020/4/11 12:00,2020/4/10,欧洲,法国,广东,1,确诊
2020/4/11 12:00,2020/4/10,北美洲,美国,辽宁,1,确诊
2020/4/11 12:00,2020/4/10,欧洲,俄罗斯,内蒙古,10,确诊
2020/4/11 12:00,2020/4/10,欧洲,法国,天津,1,确诊
2020/4/11 12:00,2020/4/10,不明地区,不明地区,不明地区,1,确诊
2020/4/10 12:00,2020/4/9,欧洲,英国,广东,1,确诊
2020/4/10 12:00,2020/4/9,欧洲,法国,广东,1,确诊
2020/4/10 12:00,2020/4/9,南美洲,巴西,上海,1,确诊
2020/4/10 12:00,2020/4/9,北美洲,美国,上海,1,确诊
2020/4/10 12:00,2020/4/9,欧洲,俄罗斯,上海,1,确诊
2020/4/10 12:00,2020/4/9,欧洲,俄罗斯,黑龙江,28,确诊
2020/4/10 12:00,2020/4/9,欧洲,俄罗斯,山西,2,确诊
2020/4/10 12:00,2020/4/9,欧洲,俄罗斯,内蒙古,2,确诊
2020/4/10 12:00,2020/4/9,欧洲,意大利,浙江,1,确诊
2020/4/9 12:00,2020/4/8,欧洲,俄罗斯,黑龙江,40,确诊
2020/4/9 12:00,2020/4/8,北美洲,美国,广东,1,确诊
2020/4/9 12:00,2020/4/8,北美洲,美国,辽宁,1,确诊
2020/4/9 12:00,2020/4/8,欧洲,意大利,浙江,1,确诊
2020/4/9 12:00,2020/4/8,欧洲,俄罗斯,山西,3,确诊
2020/4/9 12:00,2020/4/8,欧洲,英国,上海,4,确诊
2020/4/9 12:00,2020/4/8,欧洲,法国,上海,1,确诊
2020/4/9 12:00,2020/4/8,欧洲,俄罗斯,上海,4,确诊
2020/4/9 12:00,2020/4/8,欧洲,俄罗斯,内蒙古,5,确诊
2020/4/9 12:00,2020/4/8,欧洲,俄罗斯,安徽,1,确诊
2020/4/8 12:00,2020/4/7,欧洲,俄罗斯,黑龙江,25,确诊
2020/4/8 12:00,2020/4/7,欧洲,俄罗斯,山西,25,确诊
2020/4/8 12:00,2020/4/7,北美洲,美国,广东,1,确诊
2020/4/8 12:00,2020/4/7,非洲,尼日利亚,广东,1,确诊
2020/4/8 12:00,2020/4/7,欧洲,英国,北京,1,确诊
2020/4/8 12:00,2020/4/7,亚洲,日本,上海,1,确诊
2020/4/8 12:00,2020/4/7,欧洲,俄罗斯,上海,2,确诊
2020/4/8 12:00,2020/4/7,欧洲,英国,上海,2,确诊
2020/4/8 12:00,2020/4/7,欧洲,英国,浙江,1,确诊
2020/4/7 12:00,2020/4/6,欧洲,俄罗斯,黑龙江,20,确诊
2020/4/7 12:00,2020/4/6,欧洲,俄罗斯,浙江,1,确诊
2020/4/7 12:00,2020/4/6,欧洲,俄罗斯,上海,1,确诊
2020/4/7 12:00,2020/4/6,欧洲,英国,上海,1,确诊
2020/4/7 12:00,2020/4/6,北美洲,美国,山东,1,确诊
2020/4/7 12:00,2020/4/6,欧洲,俄罗斯,内蒙古,2,确诊
2020/4/7 12:00,2020/4/6,欧洲,法国,内蒙古,1,确诊
2020/4/7 12:00,2020/4/6,欧洲,英国,福建,1,确诊
2020/4/7 12:00,2020/4/6,北美洲,美国,广东,1,确诊
2020/4/7 12:00,2020/4/6,亚洲,泰国,四川,1,确诊
2020/4/7 12:00,2020/4/6,北美洲,美国,辽宁,2,确诊
2020/4/6 12:00,2020/4/5,北美洲,加拿大,广东,2,确诊
2020/4/6 12:00,2020/4/5,欧洲,英国,广东,2,确诊
2020/4/6 12:00,2020/4/5,北美洲,美国,广东,1,确诊
2020/4/6 12:00,2020/4/5,亚洲,柬埔寨,广东,1,确诊
2020/4/6 12:00,2020/4/5,非洲,尼日利亚,广东,1,确诊
2020/4/6 12:00,2020/4/5,欧洲,法国,内蒙古,1,确诊
2020/4/6 12:00,2020/4/5,欧洲,俄罗斯,黑龙江,20,确诊
2020/4/6 12:00,2020/4/5,欧洲,俄罗斯,上海,3,确诊
2020/4/6 12:00,2020/4/5,北美洲,美国,上海,1,确诊
2020/4/6 12:00,2020/4/5,欧洲,英国,上海,1,确诊
2020/4/6 12:00,2020/4/5,北美洲,美国,北京,1,确诊
2020/4/6 12:00,2020/4/5,北美洲,美国,四川,1,确诊
2020/4/6 12:00,2020/4/5,欧洲,英国,山东,1,确诊
2020/4/6 12:00,2020/4/5,北美洲,美国,甘肃,1,确诊
2020/4/6 12:00,2020/4/5,欧洲,西班牙,浙江,1,确诊
2020/4/5 12:00,2020/4/4,北美洲,美国,上海,2,确诊
2020/4/5 12:00,2020/4/4,北美洲,加拿大,广东,1,确诊
2020/4/5 12:00,2020/4/4,北美洲,美国,浙江,1,确诊
2020/4/5 12:00,2020/4/4,欧洲,英国,北京,1,确诊
2020/4/5 12:00,2020/4/4,欧洲,法国,上海,1,确诊
2020/4/5 12:00,2020/4/4,欧洲,俄罗斯,上海,1,确诊
2020/4/5 12:00,2020/4/4,欧洲,英国,山东,1,确诊
2020/4/5 12:00,2020/4/4,北美洲,美国,辽宁,1,确诊
2020/4/5 12:00,2020/4/4,欧洲,俄罗斯,黑龙江,13,确诊
2020/4/5 12:00,2020/4/4,欧洲,英国,云南,1,确诊
2020/4/5 12:00,2020/4/4,欧洲,英国,四川,1,确诊
2020/4/5 12:00,2020/4/4,欧洲,英国,山西,1,确诊
2020/4/4 12:00,2020/4/3,北美洲,美国,上海,2,确诊
2020/4/4 12:00,2020/4/3,欧洲,英国,上海,1,确诊
2020/4/4 12:00,2020/4/3,欧洲,俄罗斯,黑龙江,2,确诊
2020/4/4 12:00,2020/4/3,欧洲,英国,广东,2,确诊
2020/4/4 12:00,2020/4/3,北美洲,美国,陕西,1,确诊
2020/4/4 12:00,2020/4/3,欧洲,英国,四川,2,确诊
2020/4/4 12:00,2020/4/3,亚洲,韩国,辽宁,1,确诊
2020/4/4 12:00,2020/4/3,大洋洲,澳大利亚,辽宁,1,确诊
2020/4/4 12:00,2020/4/3,亚洲,泰国,辽宁,1,确诊
2020/4/4 12:00,2020/4/3,欧洲,英国,辽宁,1,确诊
2020/4/4 12:00,2020/4/3,欧洲,英国,北京,1,确诊
2020/4/4 12:00,2020/4/3,欧洲,西班牙,北京,1,确诊
2020/4/4 12:00,2020/4/3,欧洲,英国,天津,2,确诊
2020/4/4 12:00,2020/4/3,北美洲,加拿大,天津,1,确诊
2020/4/3 12:00,2020/4/2,北美洲,美国,广东,2,确诊
2020/4/3 12:00,2020/4/2,欧洲,法国,广东,1,确诊
2020/4/3 12:00,2020/4/2,亚洲,菲律宾,广东,1,确诊
2020/4/3 12:00,2020/4/2,欧洲,俄罗斯,广东,1,确诊
2020/4/3 12:00,2020/4/2,欧洲,英国,广东,1,确诊
2020/4/3 12:00,2020/4/2,亚洲,伊朗,四川,1,确诊
2020/4/3 12:00,2020/4/2,南美洲,巴西,福建,1,确诊
2020/4/3 12:00,2020/4/2,欧洲,英国,福建,1,确诊
2020/4/3 12:00,2020/4/2,欧洲,荷兰,福建,1,确诊
2020/4/3 12:00,2020/4/2,非洲,布基纳法索,福建,1,确诊
2020/4/3 12:00,2020/4/2,欧洲,俄罗斯,上海,2,确诊
2020/4/3 12:00,2020/4/2,欧洲,英国,上海,1,确诊
2020/4/3 12:00,2020/4/2,欧洲,荷兰,上海,1,确诊
2020/4/3 12:00,2020/4/2,欧洲,英国,天津,1,确诊
2020/4/3 12:00,2020/4/2,欧洲,英国,北京,1,确诊
2020/4/3 12:00,2020/4/2,欧洲,英国,山东,1,确诊
2020/4/3 12:00,2020/4/2,欧洲,爱尔兰,山东,1,确诊
2020/4/3 12:00,2020/4/2,北美洲,美国,山东,1,确诊
2020/4/3 12:00,2020/4/2,欧洲,英国,云南,1,确诊
2020/4/3 12:00,2020/4/2,欧洲,荷兰,江苏,1,确诊
2020/4/3 12:00,2020/4/2,欧洲,法国,江苏,2,确诊
2020/4/3 12:00,2020/4/2,欧洲,英国,江苏,1,确诊
2020/4/3 12:00,2020/4/2,北美洲,美国,浙江,1,确诊
2020/4/3 12:00,2020/4/2,欧洲,英国,浙江,1,确诊
2020/4/3 12:00,2020/4/2,不明地区,不明地区,辽宁,1,确诊
2020/4/3 12:00,2020/4/2,北美洲,美国,黑龙江,1,确诊
2020/4/3 12:00,2020/4/2,欧洲,英国,陕西,1,无症状
2020/4/3 12:00,2020/4/2,亚洲,阿联酋,浙江,2,无症状
2020/4/2 12:00,2020/4/1,非洲,尼日利亚,广东,2,确诊
2020/4/2 12:00,2020/4/1,北美洲,美国,广东,1,确诊
2020/4/2 12:00,2020/4/1,欧洲,英国,广东,1,确诊
2020/4/2 12:00,2020/4/1,欧洲,爱尔兰,广东,1,确诊
2020/4/2 12:00,2020/4/1,亚洲,马来西亚,广东,1,确诊
2020/4/2 12:00,2020/4/1,欧洲,俄罗斯,黑龙江,4,确诊
2020/4/2 12:00,2020/4/1,欧洲,英国,云南,1,确诊
2020/4/2 12:00,2020/4/1,欧洲,西班牙,天津,1,确诊
2020/4/2 12:00,2020/4/1,北美洲,美国,天津,1,确诊
2020/4/2 12:00,2020/4/1,北美洲,美国,江苏,1,确诊
2020/4/2 12:00,2020/4/1,欧洲,英国,湖南,1,确诊
2020/4/2 12:00,2020/4/1,欧洲,塞尔维亚,北京,2,确诊
2020/4/2 12:00,2020/4/1,欧洲,英国,浙江,1,确诊
2020/4/2 12:00,2020/4/1,北美洲,美国,四川,1,确诊
2020/4/2 12:00,2020/4/1,欧洲,英国,四川,1,确诊
2020/4/2 12:00,2020/4/1,不明地区,不明地区,河北,2,确诊
2020/4/2 12:00,2020/4/1,欧洲,英国,山东,1,确诊
2020/4/2 12:00,2020/4/1,北美洲,美国,内蒙古,2,确诊
2020/4/2 12:00,2020/4/1,欧洲,法国,内蒙古,4,确诊
2020/4/2 12:00,2020/4/1,欧洲,俄罗斯,上海,2,确诊
2020/4/2 12:00,2020/4/1,北美洲,美国,上海,1,确诊
2020/4/2 12:00,2020/4/1,欧洲,英国,上海,3,确诊
2020/4/2 12:00,2020/3/31,不明地区,不明地区,甘肃,1,确诊
2020/4/1 12:00,2020/3/31,欧洲,英国,天津,1,确诊
2020/4/1 12:00,2020/3/31,欧洲,西班牙,内蒙古,1,确诊
2020/4/1 12:00,2020/3/31,欧洲,英国,内蒙古,2,确诊
2020/4/1 12:00,2020/3/31,欧洲,英国,山西,1,确诊
2020/4/1 12:00,2020/3/31,亚洲,日本,福建,1,确诊
2020/4/1 12:00,2020/3/31,亚洲,菲律宾,福建,1,确诊
2020/4/1 12:00,2020/3/31,亚洲,菲律宾,福建,1,无症状
2020/4/1 12:00,2020/3/31,欧洲,英国,湖北,1,确诊
2020/4/1 12:00,2020/3/31,北美洲,美国,江西,1,无症状
2020/4/1 12:00,2020/3/31,欧洲,比利时,陕西,1,确诊
2020/4/1 12:00,2020/3/31,欧洲,西班牙,陕西,1,确诊
2020/4/1 12:00,2020/3/31,不明地区,不明地区,河北,2,确诊
2020/4/1 12:00,2020/3/31,不明地区,不明地区,贵州,1,无症状
2020/4/1 12:00,2020/3/31,欧洲,英国,四川,2,确诊
2020/4/1 12:00,2020/3/31,亚洲,沙特阿拉伯,云南,1,无症状
2020/4/1 12:00,2020/3/31,欧洲,英国,云南,1,确诊
2020/4/1 12:00,2020/3/31,欧洲,英国,上海,2,确诊
2020/4/1 12:00,2020/3/31,亚洲,泰国,上海,1,确诊
2020/4/1 12:00,2020/3/31,亚洲,印尼,上海,1,确诊
2020/4/1 12:00,2020/3/31,欧洲,西班牙,上海,1,确诊
2020/4/1 12:00,2020/3/31,欧洲,法国,上海,2,确诊
2020/4/1 12:00,2020/3/31,不明地区,不明地区,湖南,4,无症状
2020/4/1 12:00,2020/3/31,北美洲,美国,辽宁,1,确诊
2020/4/1 12:00,2020/3/31,非洲,尼日利亚,广东,2,确诊
2020/4/1 12:00,2020/3/31,北美洲,美国,广东,4,确诊
2020/4/1 12:00,2020/3/31,亚洲,菲律宾,广东,1,确诊
2020/4/1 12:00,2020/3/31,亚洲,马来西亚,广东,1,确诊
2020/4/1 12:00,2020/3/31,欧洲,英国,广东,1,确诊
2020/4/1 12:00,2020/3/31,非洲,安哥拉,广东,1,确诊
2020/3/31 11:00,2020/3/30,欧洲,英国,上海,6,确诊
2020/3/31 11:00,2020/3/30,南美洲,巴西,上海,1,确诊
2020/3/31 11:00,2020/3/30,欧洲,法国,上海,3,确诊
2020/3/31 11:00,2020/3/30,北美洲,美国,上海,1,确诊
2020/3/31 11:00,2020/3/30,北美洲,美国,福建,1,确诊
2020/3/31 11:00,2020/3/30,亚洲,菲律宾,福建,2,确诊
2020/3/31 11:00,2020/3/30,北美洲,美国,辽宁,2,确诊
2020/3/31 11:00,2020/3/30,欧洲,英国,辽宁,1,确诊
2020/3/31 11:00,2020/3/30,欧洲,塞尔维亚,北京,2,确诊
2020/3/31 11:00,2020/3/30,欧洲,西班牙,北京,1,确诊
2020/3/31 11:00,2020/3/30,欧洲,英国,广东,4,确诊
2020/3/31 11:00,2020/3/30,北美洲,美国,广东,2,确诊
2020/4/1 12:00,2020/3/31,欧洲,法国,内蒙古,1,确诊
2020/3/31 11:00,2020/3/30,欧洲,英国,内蒙古,8,确诊
2020/3/31 11:00,2020/3/30,欧洲,法国,内蒙古,2,确诊
2020/3/31 11:00,2020/3/30,北美洲,美国,天津,2,确诊
2020/3/31 11:00,2020/3/30,欧洲,西班牙,天津,4,确诊
2020/3/31 11:00,2020/3/30,欧洲,英国,天津,1,确诊
2020/3/31 11:00,2020/3/30,欧洲,法国,天津,1,确诊
2020/3/31 11:00,2020/3/30,欧洲,法国,浙江,1,确诊
2020/3/31 11:00,2020/3/30,北美洲,加拿大,浙江,1,确诊
2020/3/31 11:00,2020/3/30,欧洲,英国,江苏,1,确诊
2020/3/31 11:00,2020/3/30,欧洲,比利时,山东,1,确诊
2020/3/30 11:00,2020/3/29,北美洲,美国,北京,1,确诊
2020/3/30 11:00,2020/3/29,欧洲,英国,广东,1,确诊
2020/3/30 11:00,2020/3/29,亚洲,新加坡,广东,1,确诊
2020/3/30 11:00,2020/3/29,非洲,布基纳法索,广东,1,确诊
2020/3/30 11:00,2020/3/29,非洲,安哥拉,广东,1,确诊
2020/3/30 11:00,2020/3/29,非洲,马达加斯加,广东,1,确诊
2020/3/30 11:00,2020/3/29,欧洲,俄罗斯,广东,1,确诊
2020/3/30 11:00,2020/3/29,非洲,尼日利亚,广东,1,确诊
2020/3/30 11:00,2020/3/29,北美洲,美国,广东,2,确诊
2020/3/30 11:00,2020/3/29,欧洲,法国,江苏,1,确诊
2020/3/30 11:00,2020/3/29,欧洲,爱尔兰,福建,1,确诊
2020/3/30 11:00,2020/3/29,亚洲,越南,福建,1,确诊
2020/3/30 11:00,2020/3/29,北美洲,美国,上海,2,确诊
2020/3/30 11:00,2020/3/29,欧洲,英国,上海,4,确诊
2020/3/30 11:00,2020/3/29,欧洲,西班牙,浙江,1,确诊
2020/3/30 11:00,2020/3/29,欧洲,法国,内蒙古,2,确诊
2020/3/30 11:00,2020/3/29,北美洲,美国,江西,1,确诊
2020/3/30 11:00,2020/3/29,欧洲,西班牙,辽宁,1,确诊
2020/3/30 11:00,2020/3/29,北美洲,美国,辽宁,1,确诊
2020/3/30 11:00,2020/3/29,欧洲,英国,山东,1,确诊
2020/3/30 11:00,2020/3/29,不明地区,不明地区,河北,2,确诊
2020/3/30 11:00,2020/3/29,欧洲,德国,天津,1,确诊
2020/3/30 11:00,2020/3/29,欧洲,英国,天津,1,确诊
2020/3/29 11:00,2020/3/28,亚洲,阿联酋,广东,3,确诊
2020/3/29 11:00,2020/3/28,欧洲,英国,广东,3,确诊
2020/3/29 11:00,2020/3/28,亚洲,马来西亚,广东,1,确诊
2020/3/29 11:00,2020/3/28,欧洲,爱尔兰,广东,1,确诊
2020/3/29 11:00,2020/3/28,亚洲,菲律宾,天津,1,确诊
2020/3/29 11:00,2020/3/28,欧洲,西班牙,天津,1,确诊
2020/3/29 11:00,2020/3/28,欧洲,英国,天津,2,确诊
2020/3/29 11:00,2020/3/28,北美洲,美国,天津,3,确诊
2020/3/29 11:00,2020/3/28,欧洲,爱尔兰,上海,1,确诊
2020/3/29 11:00,2020/3/28,欧洲,英国,上海,3,确诊
2020/3/29 11:00,2020/3/28,北美洲,美国,上海,1,确诊
2020/3/29 11:00,2020/3/28,欧洲,德国,上海,2,确诊
2020/3/29 11:00,2020/3/28,欧洲,西班牙,北京,1,确诊
2020/3/29 11:00,2020/3/28,欧洲,比利时,北京,1,确诊
2020/3/29 11:00,2020/3/28,亚洲,泰国,北京,1,确诊
2020/3/29 11:00,2020/3/28,北美洲,美国,北京,1,确诊
2020/3/29 11:00,2020/3/28,北美洲,美国,辽宁,2,确诊
2020/3/29 11:00,2020/3/28,欧洲,英国,辽宁,1,确诊
2020/3/29 11:00,2020/3/28,欧洲,英国,江苏,1,确诊
2020/3/29 11:00,2020/3/28,欧洲,丹麦,江苏,2,确诊
2020/3/29 11:00,2020/3/28,欧洲,意大利,浙江,1,确诊
2020/3/29 11:00,2020/3/28,欧洲,荷兰,浙江,1,确诊
2020/3/29 11:00,2020/3/28,欧洲,德国,浙江,1,确诊
2020/3/29 11:00,2020/3/28,亚洲,马来西亚,四川,1,确诊
2020/3/29 11:00,2020/3/28,北美洲,美国,四川,1,确诊
2020/3/29 11:00,2020/3/28,欧洲,英国,山西,1,确诊
2020/3/29 11:00,2020/3/28,欧洲,法国,内蒙古,1,确诊
2020/3/29 11:00,2020/3/28,北美洲,美国,吉林,1,确诊
2020/3/29 11:00,2020/3/28,亚洲,阿联酋,福建,1,确诊
2020/3/29 11:00,2020/3/28,北美洲,美国,江西,1,确诊
2020/3/29 11:00,2020/3/28,亚洲,柬埔寨,重庆,1,确诊
2020/3/29 11:00,2020/3/28,北美洲,美国,贵州,1,确诊
2020/3/28 11:00,2020/3/27,欧洲,英国,上海,5,确诊
2020/3/28 11:00,2020/3/27,欧洲,瑞士,上海,1,确诊
2020/3/28 11:00,2020/3/27,北美洲,加拿大,上海,1,确诊
2020/3/28 11:00,2020/3/27,欧洲,法国,上海,6,确诊
2020/3/28 11:00,2020/3/27,北美洲,美国,上海,1,确诊
2020/3/28 11:00,2020/3/27,亚洲,新加坡,上海,1,确诊
2020/3/28 11:00,2020/3/27,欧洲,意大利,上海,2,确诊
2020/3/28 11:00,2020/3/27,欧洲,西班牙,广东,2,确诊
2020/3/28 11:00,2020/3/27,欧洲,英国,广东,2,确诊
2020/3/28 11:00,2020/3/27,北美洲,美国,广东,4,确诊
2020/3/28 11:00,2020/3/27,非洲,刚果（金）,广东,1,确诊
2020/3/28 11:00,2020/3/27,非洲,布基纳法索,广东,1,确诊
2020/3/28 11:00,2020/3/27,南美洲,巴西,广东,1,确诊
2020/3/28 11:00,2020/3/27,北美洲,美国,福建,2,确诊
2020/3/28 11:00,2020/3/27,非洲,布基纳法索,福建,1,确诊
2020/3/28 11:00,2020/3/27,欧洲,英国,福建,3,确诊
2020/3/28 11:00,2020/3/27,欧洲,英国,天津,3,确诊
2020/3/28 11:00,2020/3/27,北美洲,美国,天津,2,确诊
2020/3/28 11:00,2020/3/27,欧洲,意大利,浙江,1,确诊
2020/3/28 11:00,2020/3/27,非洲,科特迪瓦,浙江,1,确诊
2020/3/28 11:00,2020/3/27,欧洲,法国,浙江,1,确诊
2020/3/28 11:00,2020/3/27,欧洲,英国,浙江,1,确诊
2020/3/28 11:00,2020/3/27,北美洲,美国,北京,3,确诊
2020/3/28 11:00,2020/3/27,亚洲,阿联酋,辽宁,1,确诊
2020/3/28 11:00,2020/3/27,亚洲,日本,辽宁,1,确诊
2020/3/28 11:00,2020/3/27,欧洲,英国,辽宁,1,确诊
2020/3/28 11:00,2020/3/27,欧洲,英国,内蒙古,2,确诊
2020/3/28 11:00,2020/3/27,北美洲,美国,吉林,1,确诊
2020/3/28 11:00,2020/3/27,欧洲,法国,吉林,1,确诊
2020/3/28 11:00,2020/3/27,欧洲,德国,山东,1,确诊
2020/3/27 11:00,2020/3/26,欧洲,意大利,上海,3,确诊
2020/3/27 11:00,2020/3/26,欧洲,英国,上海,7,确诊
2020/3/27 11:00,2020/3/26,亚洲,阿联酋,上海,2,确诊
2020/3/27 11:00,2020/3/26,北美洲,美国,上海,1,确诊
2020/3/27 11:00,2020/3/26,北美洲,墨西哥,上海,1,确诊
2020/3/27 11:00,2020/3/26,亚洲,菲律宾,上海,1,确诊
2020/3/27 11:00,2020/3/26,北美洲,加拿大,上海,1,确诊
2020/3/27 11:00,2020/3/26,亚洲,柬埔寨,上海,1,确诊
2020/3/27 11:00,2020/3/26,北美洲,美国,广东,4,确诊
2020/3/27 11:00,2020/3/26,非洲,尼日利亚,广东,2,确诊
2020/3/27 11:00,2020/3/26,欧洲,法国,广东,1,确诊
2020/3/27 11:00,2020/3/26,欧洲,英国,广东,2,确诊
2020/3/27 11:00,2020/3/26,亚洲,巴基斯坦,广东,1,确诊
2020/3/27 11:00,2020/3/26,非洲,布基纳法索,广东,1,确诊
2020/3/27 11:00,2020/3/26,亚洲,柬埔寨,广东,1,确诊
2020/3/27 11:00,2020/3/26,欧洲,英国,北京,2,确诊
2020/3/27 11:00,2020/3/26,北美洲,美国,北京,1,确诊
2020/3/27 11:00,2020/3/26,欧洲,法国,北京,1,确诊
2020/3/27 11:00,2020/3/26,欧洲,英国,天津,3,确诊
2020/3/27 11:00,2020/3/26,北美洲,美国,天津,1,确诊
2020/3/27 11:00,2020/3/26,欧洲,英国,内蒙古,3,确诊
2020/3/27 11:00,2020/3/26,欧洲,西班牙,浙江,1,确诊
2020/3/27 11:00,2020/3/26,欧洲,法国,浙江,1,确诊
2020/3/27 11:00,2020/3/26,南美洲,巴西,浙江,1,确诊
2020/3/27 11:00,2020/3/26,北美洲,美国,福建,1,确诊
2020/3/27 11:00,2020/3/26,亚洲,菲律宾,福建,1,确诊
2020/3/27 11:00,2020/3/26,欧洲,英国,福建,1,确诊
2020/3/27 11:00,2020/3/26,欧洲,英国,山东,1,确诊
2020/3/27 11:00,2020/3/26,欧洲,法国,山东,1,确诊
2020/3/27 11:00,2020/3/26,北美洲,美国,云南,2,确诊
2020/3/27 11:00,2020/3/26,北美洲,美国,辽宁,1,确诊
2020/3/27 11:00,2020/3/26,南美洲,巴西,江苏,1,确诊
2020/3/27 11:00,2020/3/26,北美洲,美国,四川,1,确诊
2020/3/27 11:00,2020/3/26,欧洲,英国,陕西,1,确诊
2020/3/26 11:00,2020/3/25,欧洲,英国,上海,5,确诊
2020/3/26 11:00,2020/3/25,北美洲,美国,上海,9,确诊
2020/3/26 11:00,2020/3/25,亚洲,马来西亚,上海,1,确诊
2020/3/26 11:00,2020/3/25,亚洲,印尼,上海,1,确诊
2020/3/26 11:00,2020/3/25,欧洲,法国,上海,2,确诊
2020/3/26 11:00,2020/3/25,欧洲,英国,内蒙古,5,确诊
2020/3/26 11:00,2020/3/25,欧洲,法国,内蒙古,7,确诊
2020/3/26 11:00,2020/3/25,欧洲,英国,广东,7,确诊
2020/3/26 11:00,2020/3/25,非洲,多哥,广东,1,确诊
2020/3/26 11:00,2020/3/25,非洲,埃塞俄比亚,广东,1,确诊
2020/3/26 11:00,2020/3/25,北美洲,美国,广东,1,确诊
2020/3/26 11:00,2020/3/25,欧洲,法国,广东,1,确诊
2020/3/26 11:00,2020/3/25,欧洲,英国,北京,3,确诊
2020/3/26 11:00,2020/3/25,欧洲,法国,北京,1,确诊
2020/3/26 11:00,2020/3/25,北美洲,加拿大,北京,1,确诊
2020/3/26 11:00,2020/3/25,欧洲,匈牙利,北京,1,确诊
2020/3/26 11:00,2020/3/25,亚洲,菲律宾,福建,3,确诊
2020/3/26 11:00,2020/3/25,北美洲,美国,福建,1,确诊
2020/3/26 11:00,2020/3/25,南美洲,巴西,福建,1,确诊
2020/3/26 11:00,2020/3/25,欧洲,英国,福建,1,确诊
2020/3/26 11:00,2020/3/25,欧洲,英国,陕西,1,确诊
2020/3/26 11:00,2020/3/25,亚洲,菲律宾,陕西,1,确诊
2020/3/26 11:00,2020/3/25,北美洲,美国,陕西,1,确诊
2020/3/26 11:00,2020/3/25,北美洲,加拿大,天津,1,确诊
2020/3/26 11:00,2020/3/25,欧洲,英国,天津,1,确诊
2020/3/26 11:00,2020/3/25,欧洲,法国,浙江,1,确诊
2020/3/26 11:00,2020/3/25,欧洲,西班牙,浙江,1,确诊
2020/3/26 11:00,2020/3/25,北美洲,美国,江苏,1,确诊
2020/3/26 11:00,2020/3/25,欧洲,英国,江苏,1,确诊
2020/3/26 11:00,2020/3/25,北美洲,美国,云南,1,确诊
2020/3/26 11:00,2020/3/25,亚洲,斯里兰卡,云南,1,确诊
2020/3/26 11:00,2020/3/25,欧洲,英国,山西,1,确诊
2020/3/26 11:00,2020/3/25,欧洲,比利时,吉林,1,确诊
2020/3/26 11:00,2020/3/25,非洲,布基纳法索,河南,1,确诊
2020/3/25 11:00,2020/3/24,欧洲,意大利,上海,2,确诊
2020/3/25 11:00,2020/3/24,欧洲,英国,上海,8,确诊
2020/3/25 11:00,2020/3/24,欧洲,西班牙,上海,1,确诊
2020/3/25 11:00,2020/3/24,北美洲,美国,上海,6,确诊
2020/3/25 11:00,2020/3/24,北美洲,加拿大,上海,1,确诊
2020/3/25 11:00,2020/3/24,欧洲,瑞士,上海,1,确诊
2020/3/25 11:00,2020/3/24,北美洲,美国,北京,2,确诊
2020/3/25 11:00,2020/3/24,欧洲,英国,北京,2,确诊
2020/3/25 11:00,2020/3/24,欧洲,西班牙,北京,1,确诊
2020/3/25 11:00,2020/3/24,欧洲,英国,广东,2,确诊
2020/3/25 11:00,2020/3/24,亚洲,巴基斯坦,广东,1,确诊
2020/3/25 11:00,2020/3/24,北美洲,美国,广东,1,确诊
2020/3/25 11:00,2020/3/24,南美洲,智利,广东,1,确诊
2020/3/25 11:00,2020/3/24,欧洲,英国,天津,1,确诊
2020/3/25 11:00,2020/3/24,北美洲,美国,天津,2,确诊
2020/3/25 11:00,2020/3/24,欧洲,瑞士,天津,1,确诊
2020/3/25 11:00,2020/3/24,亚洲,菲律宾,福建,4,确诊
2020/3/25 11:00,2020/3/24,欧洲,英国,内蒙古,2,确诊
2020/3/25 11:00,2020/3/24,欧洲,英国,江苏,2,确诊
2020/3/25 11:00,2020/3/24,北美洲,美国,四川,1,确诊
2020/3/25 11:00,2020/3/24,欧洲,英国,四川,1,确诊
2020/3/25 11:00,2020/3/24,北美洲,美国,吉林,1,确诊
2020/3/25 11:00,2020/3/24,欧洲,西班牙,浙江,1,确诊
2020/3/25 11:00,2020/3/24,欧洲,英国,山东,1,确诊
2020/3/25 11:00,2020/3/24,欧洲,西班牙,陕西,1,确诊
2020/3/24 11:00,2020/3/23,欧洲,英国,北京,12,确诊
2020/3/24 11:00,2020/3/23,欧洲,西班牙,北京,14,确诊
2020/3/24 11:00,2020/3/23,北美洲,美国,北京,2,确诊
2020/3/24 11:00,2020/3/23,欧洲,希腊,北京,1,确诊
2020/3/24 11:00,2020/3/23,北美洲,墨西哥,北京,1,确诊
2020/3/24 11:00,2020/3/23,欧洲,挪威,北京,1,确诊
2020/3/24 11:00,2020/3/23,亚洲,巴基斯坦,广东,4,确诊
2020/3/24 11:00,2020/3/23,欧洲,英国,广东,3,确诊
2020/3/24 11:00,2020/3/23,非洲,尼日利亚,广东,2,确诊
2020/3/24 11:00,2020/3/23,非洲,安哥拉,广东,1,确诊
2020/3/24 11:00,2020/3/23,非洲,刚果金,广东,1,确诊
2020/3/24 11:00,2020/3/23,北美洲,美国,广东,3,确诊
2020/3/24 11:00,2020/3/23,欧洲,英国,上海,7,确诊
2020/3/24 11:00,2020/3/23,北美洲,美国,上海,1,确诊
2020/3/24 11:00,2020/3/23,欧洲,瑞典,上海,1,确诊
2020/3/24 11:00,2020/3/23,北美洲,美国,福建,3,确诊
2020/3/24 11:00,2020/3/23,亚洲,菲律宾,福建,2,确诊
2020/3/24 11:00,2020/3/23,欧洲,法国,天津,4,确诊
2020/3/24 11:00,2020/3/23,欧洲,英国,江苏,2,确诊
2020/3/24 11:00,2020/3/23,亚洲,阿联酋,江苏,1,确诊
2020/3/24 11:00,2020/3/23,欧洲,瑞士,浙江,1,确诊
2020/3/24 11:00,2020/3/23,欧洲,英国,浙江,1,确诊
2020/3/24 11:00,2020/3/23,欧洲,英国,四川,2,确诊
2020/3/24 11:00,2020/3/23,欧洲,英国,山西,1,确诊
2020/3/24 11:00,2020/3/23,欧洲,西班牙,辽宁,1,确诊
2020/3/24 11:00,2020/3/23,亚洲,巴基斯坦,山东,1,确诊
2020/3/24 11:00,2020/3/23,北美洲,美国,重庆,1,确诊
2020/3/23 11:00,2020/3/22,欧洲,英国,北京,4,确诊
2020/3/23 11:00,2020/3/22,欧洲,西班牙,北京,2,确诊
2020/3/23 11:00,2020/3/22,欧洲,法国,北京,2,确诊
2020/3/23 11:00,2020/3/22,北美洲,美国,北京,1,确诊
2020/3/23 11:00,2020/3/22,亚洲,巴基斯坦,北京,1,确诊
2020/3/23 11:00,2020/3/22,非洲,布基纳法索,上海,1,确诊
2020/3/23 11:00,2020/3/22,亚洲,阿联酋,上海,1,确诊
2020/3/23 11:00,2020/3/22,欧洲,英国,上海,3,确诊
2020/3/23 11:00,2020/3/22,北美洲,美国,上海,3,确诊
2020/3/23 11:00,2020/3/22,欧洲,法国,上海,2,确诊
2020/3/23 11:00,2020/3/22,北美洲,美国,福建,1,确诊
2020/3/23 11:00,2020/3/22,欧洲,英国,福建,1,确诊
2020/3/23 11:00,2020/3/22,欧洲,法国,福建,1,确诊
2020/3/23 11:00,2020/3/22,亚洲,菲律宾,福建,3,确诊
2020/3/23 11:00,2020/3/22,欧洲,英国,广东,2,确诊
2020/3/23 11:00,2020/3/22,欧洲,法国,广东,2,确诊
2020/3/23 11:00,2020/3/22,亚洲,菲律宾,广东,1,确诊
2020/3/23 11:00,2020/3/22,非洲,科特迪瓦,广东,1,确诊
2020/3/23 11:00,2020/3/22,欧洲,德国,山东,1,确诊
2020/3/23 11:00,2020/3/22,欧洲,法国,山东,1,确诊
2020/3/23 11:00,2020/3/22,欧洲,英国,甘肃,1,确诊
2020/3/23 11:00,2020/3/22,亚洲,泰国,甘肃,1,确诊
2020/3/23 11:00,2020/3/22,欧洲,西班牙,浙江,1,确诊
2020/3/23 11:00,2020/3/22,欧洲,法国,河南,1,确诊
2020/3/23 11:00,2020/3/22,欧洲,西班牙,重庆,1,确诊
2020/3/22 10:00,2020/3/21,亚洲,以色列,上海,2,确诊
2020/3/22 10:00,2020/3/21,北美洲,美国,上海,1,确诊
2020/3/22 10:00,2020/3/21,欧洲,英国,上海,8,确诊
2020/3/22 10:00,2020/3/21,欧洲,西班牙,上海,2,确诊
2020/3/22 10:00,2020/3/21,欧洲,瑞士,上海,1,确诊
2020/3/22 10:00,2020/3/21,欧洲,西班牙,北京,5,确诊
2020/3/22 10:00,2020/3/21,欧洲,英国,北京,5,确诊
2020/3/22 10:00,2020/3/21,欧洲,法国,北京,2,确诊
2020/3/22 10:00,2020/3/21,欧洲,奥地利,北京,1,确诊
2020/3/22 10:00,2020/3/21,欧洲,英国,广东,2,确诊
2020/3/22 10:00,2020/3/21,亚洲,泰国,广东,1,确诊
2020/3/22 10:00,2020/3/21,欧洲,西班牙,广东,1,确诊
2020/3/22 10:00,2020/3/21,亚洲,菲律宾,广东,1,确诊
2020/3/22 10:00,2020/3/21,亚洲,土耳其,广东,1,确诊
2020/3/22 10:00,2020/3/21,欧洲,法国,广东,1,确诊
2020/3/22 10:00,2020/3/21,北美洲,美国,福建,1,确诊
2020/3/22 10:00,2020/3/21,南美洲,巴西,福建,1,确诊
2020/3/22 10:00,2020/3/21,亚洲,菲律宾,福建,2,确诊
2020/3/22 10:00,2020/3/21,亚洲,泰国,江苏,1,确诊
2020/3/22 10:00,2020/3/21,欧洲,英国,江苏,1,确诊
2020/3/22 10:00,2020/3/21,欧洲,法国,河北,1,确诊
2020/3/22 10:00,2020/3/21,欧洲,西班牙,浙江,1,确诊
2020/3/22 10:00,2020/3/21,北美洲,美国,江西,1,确诊
2020/3/22 10:00,2020/3/21,亚洲,阿联酋,山东,1,确诊
2020/3/22 10:00,2020/3/21,欧洲,法国,四川,1,确诊
2020/3/21 11:00,2020/3/20,欧洲,英国,北京,7,确诊
2020/3/21 11:00,2020/3/20,欧洲,西班牙,北京,2,确诊
2020/3/21 11:00,2020/3/20,欧洲,法国,北京,1,确诊
2020/3/21 11:00,2020/3/20,欧洲,意大利,北京,1,确诊
2020/3/21 11:00,2020/3/20,欧洲,荷兰,北京,1,确诊
2020/3/21 11:00,2020/3/20,北美洲,美国,北京,2,确诊
2020/3/21 11:00,2020/3/20,欧洲,英国,上海,2,确诊
2020/3/21 11:00,2020/3/20,欧洲,法国,上海,4,确诊
2020/3/21 11:00,2020/3/20,欧洲,瑞士,上海,1,确诊
2020/3/21 11:00,2020/3/20,北美洲,美国,上海,2,确诊
2020/3/21 11:00,2020/3/20,欧洲,英国,广东,5,确诊
2020/3/21 11:00,2020/3/20,亚洲,菲律宾,广东,2,确诊
2020/3/21 11:00,2020/3/20,南美洲,巴西,福建,1,确诊
2020/3/21 11:00,2020/3/20,亚洲,菲律宾,福建,3,确诊
2020/3/21 11:00,2020/3/20,欧洲,西班牙,浙江,1,确诊
2020/3/21 11:00,2020/3/20,亚洲,土耳其,浙江,1,确诊
2020/3/21 11:00,2020/3/20,欧洲,英国,山东,2,确诊
2020/3/21 11:00,2020/3/20,欧洲,英国,陕西,1,确诊
2020/3/21 11:00,2020/3/20,亚洲,菲律宾,陕西,1,确诊
2020/3/21 11:00,2020/3/20,欧洲,英国,四川,1,确诊
2020/3/20 11:20,2020/3/19,北美洲,美国,福建,1,确诊
2020/3/20 11:20,2020/3/19,欧洲,英国,福建,1,确诊
2020/3/20 11:20,2020/3/19,亚洲,菲律宾,福建,1,确诊
2020/3/20 11:20,2020/3/19,亚洲,菲律宾,广东,5,确诊
2020/3/20 11:20,2020/3/19,北美洲,美国,广东,2,确诊
2020/3/20 11:20,2020/3/19,欧洲,英国,广东,4,确诊
2020/3/20 11:20,2020/3/19,欧洲,法国,广东,2,确诊
2020/3/20 11:20,2020/3/19,亚洲,泰国,广东,1,确诊
2020/3/20 11:20,2020/3/19,欧洲,西班牙,上海,1,确诊
2020/3/20 11:20,2020/3/19,欧洲,瑞士,上海,1,确诊
2020/3/20 11:20,2020/3/19,欧洲,英国,上海,3,确诊
2020/3/20 11:20,2020/3/19,北美洲,美国,上海,1,确诊
2020/3/20 11:20,2020/3/19,欧洲,西班牙,上海,2,确诊
2020/3/20 11:20,2020/3/19,北美洲,美国,山东,1,确诊
2020/3/20 11:20,2020/3/19,欧洲,英国,北京,5,确诊
2020/3/20 11:20,2020/3/19,北美洲,美国,北京,1,确诊
2020/3/20 11:20,2020/3/19,欧洲,西班牙,浙江,1,确诊
2020/3/20 11:20,2020/3/19,欧洲,英国,天津,1,确诊
2020/3/20 11:20,2020/3/19,欧洲,英国,辽宁,1,确诊
2020/3/20 11:20,2020/3/19,北美洲,美国,黑龙江,1,确诊
2020/3/20 11:20,2020/3/19,欧洲,法国,广西,1,确诊
2020/3/20 11:20,2020/3/19,北美洲,美国,四川,1,确诊
2020/3/20 11:20,2020/3/19,亚洲,柬埔寨,甘肃,1,确诊
2020/3/19 11:39,2020/3/18,欧洲,英国,北京,7,确诊
2020/3/19 11:39,2020/3/18,欧洲,匈牙利,北京,3,确诊
2020/3/19 11:39,2020/3/18,欧洲,西班牙,北京,7,确诊
2020/3/19 11:39,2020/3/18,欧洲,奥地利,北京,2,确诊
2020/3/19 11:39,2020/3/18,南美洲,巴西,北京,1,确诊
2020/3/19 11:39,2020/3/18,欧洲,卢森堡,北京,1,确诊
2020/3/19 11:39,2020/3/18,欧洲,英国,广东,4,确诊
2020/3/19 11:39,2020/3/18,亚洲,菲律宾,广东,2,确诊
2020/3/19 11:39,2020/3/18,欧洲,法国,广东,2,确诊
2020/3/19 11:39,2020/3/18,亚洲,泰国,广东,1,确诊
2020/3/19 11:39,2020/3/18,欧洲,英国,上海,2,确诊
2020/3/19 11:39,2020/3/18,欧洲,西班牙,浙江,1,确诊
2020/3/19 11:39,2020/3/18,北美洲,美国,黑龙江,1,确诊
2020/3/18 10:21,2020/3/17,亚洲,泰国,广东,2,确诊
2020/3/18 10:21,2020/3/17,欧洲,英国,广东,2,确诊
2020/3/18 10:21,2020/3/17,欧洲,荷兰,广东,1,确诊
2020/3/18 10:21,2020/3/17,欧洲,西班牙,北京,1,确诊
2020/3/18 10:21,2020/3/17,欧洲,英国,北京,2,确诊
2020/3/18 10:21,2020/3/17,欧洲,瑞士,上海,1,确诊
2020/3/18 10:21,2020/3/17,欧洲,西班牙,上海,1,确诊
2020/3/18 10:21,2020/3/17,欧洲,葡萄牙,上海,1,确诊
2020/3/18 10:21,2020/3/17,欧洲,意大利,四川,1,确诊
2020/3/17 8:59,2020/3/16,欧洲,西班牙,北京,6,确诊
2020/3/17 8:59,2020/3/16,欧洲,英国,北京,2,确诊
2020/3/17 8:59,2020/3/16,北美洲,美国,北京,1,确诊
2020/3/17 8:59,2020/3/16,亚洲,印尼,陕西,1,确诊
2020/3/17 8:59,2020/3/16,北美洲,美国,上海,1,确诊
2020/3/17 8:59,2020/3/16,欧洲,西班牙,上海,1,确诊
2020/3/17 8:59,2020/3/16,欧洲,意大利,上海,1,确诊
2020/3/17 8:59,2020/3/16,亚洲,菲律宾,广东,3,确诊
2020/3/17 8:59,2020/3/16,欧洲,英国,浙江,1,确诊
2020/3/17 8:59,2020/3/16,北美洲,美国,山东,1,确诊
2020/3/17 8:59,2020/3/16,欧洲,意大利,广西,1,确诊
2020/3/17 8:59,2020/3/16,欧洲,法国,云南,1,确诊
2020/3/16 8:40,2020/3/15,欧洲,西班牙,北京,2,确诊
2020/3/16 8:40,2020/3/15,欧洲,意大利,北京,2,确诊
2020/3/16 8:40,2020/3/15,欧洲,瑞士,广东,1,确诊
2020/3/16 8:40,2020/3/15,亚洲,菲律宾,广东,2,确诊
2020/3/16 8:40,2020/3/15,亚洲,泰国,广东,1,确诊
2020/3/16 8:40,2020/3/15,欧洲,西班牙,云南,1,确诊
2020/3/16 8:40,2020/3/15,非洲,埃及,甘肃,1,确诊
2020/3/16 8:40,2020/3/15,欧洲,荷兰,上海,1,确诊
2020/3/16 8:40,2020/3/15,欧洲,英国,上海,1,确诊
2020/3/15 9:04,2020/3/14,欧洲,意大利,浙江,4,确诊
2020/3/15 9:11,2020/3/14,亚洲,菲律宾,广东,1,确诊
2020/3/15 9:04,2020/3/14,欧洲,西班牙,北京,3,确诊
2020/3/15 9:04,2020/3/14,欧洲,意大利,北京,1,确诊
2020/3/15 9:04,2020/3/14,亚洲,泰国,北京,1,确诊
2020/3/15 9:04,2020/3/14,欧洲,西班牙,北京,3,疑似
2020/3/15 9:04,2020/3/14,北美洲,美国,北京,1,疑似
2020/3/15 9:04,2020/3/14,欧洲,挪威,北京,1,疑似
2020/3/15 9:04,2020/3/14,亚洲,日本,北京,1,疑似
2020/3/15 9:04,2020/3/14,欧洲,意大利,北京,1,疑似
2020/3/15 9:04,2020/3/14,欧洲,英国,北京,1,疑似
2020/3/15 8:04,2020/3/14,欧洲,法国,上海,1,确诊
2020/3/15 8:04,2020/3/14,欧洲,西班牙,上海,1,确诊
2020/3/15 8:04,2020/3/14,欧洲,意大利,上海,1,确诊
2020/3/14 7:34,2020/3/14,亚洲,伊朗,甘肃,1,确诊
2020/3/14 7:34,2020/3/14,不明地区,不明地区,甘肃,2,确诊
2020/3/14 7:34,2020/3/13,亚洲,沙特阿拉伯,甘肃,2,确诊
2020/3/14 8:04,2020/3/13,欧洲,意大利,上海,4,确诊
2020/3/13 8:53,2020/3/12,欧洲,英国,北京,1,确诊
2020/3/13 8:53,2020/3/12,欧洲,荷兰,北京,3,疑似
2020/3/13 8:53,2020/3/12,欧洲,意大利,北京,2,疑似
2020/3/13 8:53,2020/3/12,亚洲,韩国,北京,1,疑似
2020/3/13 8:53,2020/3/12,欧洲,法国,北京,1,疑似
2020/3/13 8:53,2020/3/12,欧洲,奥地利,北京,1,疑似
2020/3/13 8:53,2020/3/12,北美洲,美国,上海,1,确诊
2020/3/13 8:53,2020/3/12,欧洲,意大利,上海,5,确诊
2020/3/11 15:48,2020/3/11,欧洲,意大利,河南,1,确诊
2020/3/11 21:29,2020/3/11,亚洲,伊朗,甘肃,2,确诊
2020/3/11 21:29,2020/3/11,欧洲,法国,广东,1,确诊
2020/3/11 21:29,2020/3/11,欧洲,西班牙,广东,2,确诊
2020/3/11 9:40,2020/3/10,欧洲,意大利,山东,1,确诊
2020/3/11 8:40,2020/3/10,欧洲,意大利,北京,5,确诊
2020/3/11 8:40,2020/3/10,北美洲,美国,北京,1,确诊
2020/3/10 14:04,2020/3/10,欧洲,意大利,上海,2,确诊
2020/3/10 21:37,2020/3/10,亚洲,伊朗,甘肃,1,确诊
2020/3/10 8:48,2020/3/9,欧洲,英国,北京,1,确诊
2020/3/10 8:48,2020/3/9,欧洲,西班牙,广东,1,确诊
2020/3/8 22:09,2020/3/8,亚洲,伊朗,甘肃,4,确诊
2020/3/8 22:09,2020/3/7,亚洲,伊朗,甘肃,1,确诊
2020/3/8 9:04,2020/3/7,欧洲,意大利,北京,1,确诊
2020/3/8 9:04,2020/3/7,欧洲,西班牙,北京,1,确诊
2020/3/7 8:48,2020/3/6,欧洲,意大利,北京,3,确诊
2020/3/6 14:04,2020/3/6,亚洲,伊朗,上海,3,确诊
2020/3/6 23:18,2020/3/6,亚洲,伊朗,甘肃,17,确诊
2020/3/7 10:48,2020/3/6,欧洲,西班牙,广东,1,确诊
2020/3/5 14:02,2020/3/5,欧洲,意大利,北京,5,确诊
2020/3/5 14:02,2020/3/5,亚洲,伊朗,上海,1,确诊
2020/3/5 14:02,2020/3/5,亚洲,伊朗,甘肃,11,确诊
2020/3/4 11:10,2020/3/3,亚洲,伊朗,北京,1,确诊
2020/3/4 11:10,2020/3/3,欧洲,意大利,北京,1,确诊
2020/3/5 9:00,2020/3/4,欧洲,意大利,浙江,2,确诊
2020/3/3 10:26,2020/3/2,欧洲,意大利,浙江,7,确诊
2020/3/2 10:48,2020/3/1,欧洲,英国,广东,1,确诊
2020/3/2 9:00,2020/3/1,欧洲,意大利,浙江,1,确诊
2020/3/1 10:48,2020/2/29,不明地区,不明地区,北京,2,确诊
2020/2/27 10:48,2020/2/26,亚洲,伊朗,宁夏,1,确诊
